Locid,Airport Name,CY 23 Enplanements
ANC,Ted Stevens Anchorage International,"2,681,818"
FAI,Fairbanks International,"548,679"
JNU,Juneau International,"440,279"
BET,Bethel,"153,548"
KTN,Ketchikan International,"148,645"
SIT,Sitka Rocky Gutierrez,"96,214"
ADQ,Kodiak,"85,183"
SCC,Deadhorse,"82,296"
ENA,Kenai Municipal,"67,062"
OME,Nome,"66,883"
OTZ,Ralph Wien Memorial,"60,124"
BRW,Wiley Post-Will Rogers Memorial,"41,579"
AKN,King Salmon,"38,021"
DLG,Dillingham,"34,815"
HOM,Homer,"34,682"
MRI,Merrill Field,"30,269"
PSG,Petersburg James A Johnson,"24,921"
DUT,Unalaska,"19,201"
CDV,Merle K (Mudhole) Smith,"18,244"
AKW,Klawock,"16,733"
WRG,Wrangell,"14,323"
YAK,Yakutat,"12,105"
GAL,Edward G Pitka Sr,"11,758"
DGG,Red Dog,"15,102"
LHD,Lake Hood,"11,800"
ENM,Emmonak,"9,760"
GST,Gustavus,"9,584"
UNK,Unalakleet,"8,312"
HNS,Haines,"6,306"
HNH,Hoonah,"5,790"
ILI,Iliamna,"5,749"
CXF,Coldfoot,"5,634"
5KE,Ketchikan Harbor,"5,556"
FYU,Fort Yukon,"5,506"
5Z9,Lake Brooks,"5,281"
AQH,Quinhagak,"5,119"
SGY,Skagway,"4,953"
KSM,St Mary's,"4,912"
ANI,Aniak,"4,707"
VAK,Chevak,"4,704"
TPO,Port Alsworth,"4,633"
IIK,Kipnuk,"4,466"
HPB,Hooper Bay,"4,314"
VDZ,Valdez Pioneer Field,"4,235"
PHO,Point Hope,"4,052"
WLK,Selawik,"3,974"
WTK,Noatak,"3,698"
BVK,Buckland,"3,615"
AFE,Kake,"3,605"
SCM,Scammon Bay,"3,583"
SHH,Shishmaref,"3,477"
D76,Robert /Bob/ Curtis Memorial,"3,410"
Z09,Kasigluk,"3,386"
SOV,Seldovia,"3,381"
SVA,Savoonga,"3,310"
HLA,Huslia,"3,304"
OOK,Toksook Bay,"3,197"
0AK,Pilot Station,"3,195"
A61,Tuntutuliak,"3,161"
GAM,Gambell,"3,142"
AWI,Wainwright,"3,095"
MOU,Mountain Village,"3,048"
Z13,Akiachak,"3,033"
CDB,Cold Bay,"3,023"
KVL,Kivalina,"3,003"
AKP,Anaktuvuk Pass,"3,000"
TOG,Togiak,"2,997"
CFK,Chefornak,"2,913"
16A,Nunapitchuk,"2,845"
SDP,Sand Point,"2,818"
EEK,Eek,"2,812"
2A3,Larsen Bay,"2,760"
IAN,Bob Baker Memorial,"2,759"
DUY,Kongiganak,"2,725"
KWT,Kwethluk,"2,614"
MCG,McGrath,"2,575"
2A9,Kotlik,"2,557"
MDM,Marshall Don Hunter Sr,"2,514"
AUK,Alakanuk,"2,488"
NUL,Nulato,"2,408"
4A2,Atmautluak,"2,403"
KVC,King Cove,"2,380"
AKI,Akiak,"2,367"
AQT,Nuiqsut,"2,355"
KTS,Brevig Mission,"2,351"
RSH,Russian Mission,"2,303"
AGN,Angoon,"2,256"
TLT,Tuluksak,"2,242"
GGV,Kwigillingok,"2,241"
7AK,Akutan,"2,236"
6R7,Old Harbor,"2,196"
ADK,Adak,"2,149"
KEB,Nanwalek,"2,065"
WBB,Stebbins,"2,049"
KLG,Kalskag,"2,029"
ELI,Elim,"2,005"
BTI,Barter Island,"1,864"
AFM,Ambler,"1,847"
ATK,Atqasuk Edward Burnell Sr Memorial,"1,833"
SMK,St Michael,"1,831"
9K2,Kokhanok,"1,800"
SNP,St Paul Island,"1,775"
KNW,New Stuyahok,"1,758"
ARC,Arctic Village,"1,750"
TAL,Ralph M Calhoun Memorial,"1,703"
EWU,Mertarvik,"1,696"
4KA,Tununak,"1,674"
HRR,Healy River,"1,656"
VEE,Venetie,"1,629"
FSP,Nikolai,"1,628"
2C7,Shaktoolik,"1,627"
PGM,Port Graham,"1,605"
KAL,Kaltag,"1,584"
BTT,Bettles,"1,571"
SHG,Shungnak,"1,563"
KKA,Koyuk Alfred Adams,"1,547"
TYE,Tyonek,"1,525"
WNA,Napakiak,"1,513"
GLV,Golovin,"1,505"
MBA,Manokotak,"1,486"
6A8,Allakaket,"1,481"
RBY,Ruby,"1,476"
PIZ,Point Lay LRRS,"1,470"
A43,Taku Harbor,"1,356"
TER,Teller,"1,333"
DEE,Deering,"1,322"
WMO,White Mountain,"1,307"
ORI,Port Lions,"1,289"
PEC,Pelican,"1,227"
IGT,Nightmute,"1,225"
KQA,Akutan,"1,209"
5NN,Nondalton,"1,197"
4K5,Ouzinkie,"1,190"
MYU,Mekoryuk,"1,180"
BLG,Beluga,"1,122"
PKA,Napaskiak,"1,117"
IWK,Wales,"1,111"
EDF,Elmendorf AFB,"1,106"
HUS,Hughes,"1,050"
EII,Egegik,"1,038"
SXP,Nunam Iqua,999
OBU,Kobuk,965
WBQ,Beaver,912
JZZ,Koliganek,908
GNU,Goodnews,902
EIL,Eielson AFB,871
LKK,Kulik Lake,835
PTH,Port Heiden,814
KYU,Koyukuk,792
KGX,Grayling,743
PPC,Prospect Creek,740
IGG,Igiugig,709
GBH,Galbraith Lake,688
AKK,Akhiok,651
CIK,Chalkyitsik,622
4K0,Pedro Bay,598
EAA,Eagle,579
A63,Twin Hills,577
ANV,Anvik,558
CJX,Crooked Creek,555
RMP,Rampart,554
7KA,Tatitlek,549
KEK,Ekwok,523
C05,Chenega Bay,521
SLQ,Sleetmute,514
MTM,Metlakatla,493
6K8,Tok Junction,486
SHX,Shageluk,486
PTU,Platinum,485
KCL,Chignik Lagoon,476
PEV,Perryville,474
TCT,Takotna,470
TKE,Tenakee,451
AJC,Chignik,440
PNP,Pilot Point,417
ELV,Elfin Cove,412
CLP,Clarks Point,402
1AK3,Port Moller,377
HCA,Holy Cross,346
AKA,Atka,318
9Z8,Levelock,312
GKN,Gulkana,303
KYK,Karluk,293
OUL,Nelson Lagoon,287
Z91,Birch Creek,284
PBV,St George,274
SVS,Stevens Village,274
5AK0,Trading Bay Production,251
CRC,Circle City,247
00AN,Katmai Lodge,226
KTB,Thorne Bay,218
A79,Chignik Lake,216
SRV,Stony River 2,200
MHM,Minchumina,192
MTF,Metro Field,190
51Z,Minto Al Wright,184
DCK,Dahl Creek,182
9A3,Chuathbaluk,176
DM2,Diomede,166
IKO,Nikolski AS,148
AHP,Port Alexander,123
KOY,Olga Bay,123
15Z,McCarthy,122
D66,Delta Junction,113
LUR,Cape Lisburne LRRS,103
A29,Sitka,100
Z78,Chignik Bay,100
KKB,Kitoi Bay,93
SKW,Skwentna,92
HYL,Clark Bay,90
9A8,Ugashik,86
CGA,Craig,80
2AK1,Blair Lake,79
CZN,Chisana,79
MLY,Manley Hot Springs,74
AK81,Amook Bay,69
KFP,False Pass,65
KWP,West Point Village,65
RDV,Red Devil,61
WCR,Chandalar Lake,61
4Z7,Hyder,58
2AK,Lime Village,57
TNC,Tin City LRRS,57
ALZ,Alitak,55
AK78,Badami,54
UMT,Umiat,52
JLA,Quartz Creek,51
WSN,South Naknek Nr 2,51
KPC,Port Clarence CGS,46
MYK,May Creek,45
CZF,Cape Romanzof LRRS,32
EHM,Cape Newenham LRRS,31
CKX,Chicken,29
KMY,Moser Bay,27
WSJ,San Juan /Uganik/,25
19P,Port Protection,21
KCC,Coffman Cove,20
CEM,Central,19
01A,Purkeypile,17
CKU,Cordova Municipal,16
IYS,Wasilla,16
EXI,Excursion Inlet,15
KKL,Karluk Lake,12
37AA,Point Thomson Airstrip,11
BNF,Baranof Warm Springs Float and Seaplane Float,10
KPR,Port Williams,9
ZNC,Nyac,9
4AK,Livengood Camp,7
KPY,Port Bailey,7
MDO,Middleton Island,7
AK75,Candle 2,6
SWD,Seward,6
TLJ,Tatalina LRRS,5
HYG,Hydaburg,4
5NK,Naknek,3
5Z5,Kantishna,3
96Z,Whale Pass Seaplane Float Harbor Facility,3
ENN,Nenana Municipal,3
FLT,Flat,3
KPB,Point Baker,3
KXA,Kasaan,3
2Z6,False Island,2
FBK,Ladd AAF,2
PAQ,"Warren ""Bud"" Woods Palmer Municipal",2
SXQ,Soldotna,2
UTO,Indian Mountain LRRS,2
76AK,Pogo Mine Airstrip,1
84K,Meyers Chuck,1
CXC,Chitina,1
FNR,Funter Bay,1
BHM,Birmingham-Shuttlesworth International,"1,499,027"
HSV,Huntsville International-Carl T Jones Field,"724,147"
MOB,Mobile Regional,"275,342"
MGM,Montgomery Regional (Dannelly Field),"181,927"
DHN,Dothan Regional,"35,667"
BFM,Mobile International,"10,840"
MSL,Northwest Alabama Regional,"5,907"
TCL,Tuscaloosa Ntl,"3,370"
MXF,Maxwell AFB,106
CQF,H. L. (Sonny) Callahan,81
AUO,Auburn University Regional,48
MDQ,Huntsville Exec Tom Sharp Jr Field,38
JKA,Gulf Shores International/Jack Edwards Field,37
ALX,Thomas C Russell Field,25
EKY,Bessemer,12
GAD,Northeast Alabama Regional,10
09A,Butler/Choctaw County,6
4R3,Jackson Municipal,6
AL71,Willow Point,5
0A8,Bibb County,4
DCU,Pryor Field Regional,4
A08,Vaiden Field,3
CMD,Cullman Regional/Folsom Field,3
EUF,Weedon Field,3
MVC,Monroe County Aeroplex,2
PRN,MacCrenshaw Memorial,2
TOI,Troy Municipal at N Kenneth Campbell Field,2
LIT,Bill and Hillary Clinton Ntl/Adams Field,"1,097,472"
XNA,Northwest Arkansas Ntl,"972,907"
FSM,Fort Smith Regional,"58,615"
TXK,Texarkana Regional-Webb Field,"41,951"
HRO,Boone County,"4,565"
HOT,Memorial Field,"3,727"
ELD,South Arkansas Regional at Goodwin Field,"3,144"
JBR,Jonesboro Municipal,"2,194"
FYV,Drake Field,"1,054"
LRF,Little Rock AFB,519
ROG,Rogers Exec - Carter Field,46
AWM,West Memphis Municipal,16
ASG,Springdale Municipal,9
SRC,Searcy Regional,9
SGT,Stuttgart Municipal Carl Humphrey Field,5
AGO,Ralph C Weiser Field,4
BYH,Arkansas International,3
VBT,Bentonville Municipal/Louise M Thaden Field,3
DRP,Delta Regional,2
MEZ,Mena Intermountain Municipal,1
PPG,Pago Pago International,"43,467"
PHX,Phoenix Sky Harbor International,"23,880,504"
TUS,Tucson International,"1,925,546"
IWA,Phoenix-Mesa Gateway,"964,132"
NYL,Yuma MCAS/Yuma International,"94,364"
FLG,Flagstaff Pulliam,"73,992"
1G4,Grand Canyon West,"33,982"
PRC,Prescott Regional/Ernest A Love Field,"24,583"
PGA,Page Municipal,"15,974"
GCN,Grand Canyon Ntl Park,"142,776"
IFP,Laughlin/Bullhead International,"73,463"
1Z1,Grand Canyon Bar Ten Airstrip,"7,087"
SOW,Show Low Regional,"3,729"
SDL,Scottsdale,"1,591"
DMA,Davis Monthan AFB,"1,241"
DVT,Phoenix Deer Valley,165
AZC,Colorado City Municipal,164
IGM,Kingman,110
L41,Marble Canyon,91
FHU,Sierra Vista Municipal-Libby AAF,89
CHD,Chandler Municipal,73
CFT,Greenlee County,65
SEZ,Sedona,62
GEU,Glendale Regional,60
SAD,Safford Regional/1lt Duane Spalsbury Field,43
AVQ,Marana Regional,32
FFZ,Falcon Field,28
HII,Lake Havasu City,15
GYR,Phoenix Goodyear,14
E51,Bagdad,9
PAN,Payson,8
P13,San Carlos Apache,7
BXK,Buckeye Municipal,5
L37,Grand Canyon Caverns,5
CGZ,Casa Grande Municipal,4
CMR,H A Clark Memorial Field,4
RYN,Ryan Field,4
P52,Cottonwood,1
LAX,Los Angeles International,"40,956,673"
SFO,San Francisco International,"24,191,159"
SAN,San Diego International,"12,190,183"
SMF,Sacramento International,"6,371,910"
SJC,Norman Y Mineta San Jose International,"5,958,855"
SNA,John Wayne/Orange County,"5,706,332"
OAK,San Francisco Bay Oakland International,"5,520,812"
ONT,Ontario International,"3,181,161"
BUR,Bob Hope,"3,132,029"
LGB,Long Beach (Daugherty Field),"1,837,634"
PSP,Palm Springs International,"1,625,327"
FAT,Fresno Yosemite International,"1,201,789"
SBA,Santa Barbara Municipal,"638,802"
SBP,San Luis Obispo County Regional,"324,925"
STS,Charles M Schulz/Sonoma County,"318,197"
MRY,Monterey Regional,"259,778"
BFL,Meadows Field,"174,891"
ACV,California Redwood Coast-Humboldt County,"117,972"
RDD,Redding Regional,"87,670"
SCK,Stockton Metro,"67,688"
SBD,San Bernardino International,"27,349"
SMX,Santa Maria Public/Capt G Allan Hancock Field,"14,409"
BIH,Bishop,"10,007"
RIV,March ARB,"31,001"
CCR,Buchanan Field,"17,016"
CEC,Jack McNamara Field,"7,879"
IPL,Imperial County,"7,100"
HHR,Jack Northrop Field/Hawthorne Municipal,"5,100"
CRQ,McClellan-Palomar,"4,329"
MMH,Mammoth Yosemite,"3,966"
MCE,Merced Yosemite Regional,"3,798"
SQL,San Carlos,"3,696"
VNY,Van Nuys,"3,362"
VCV,Southern California Logistics,"1,697"
TRK,Truckee-Tahoe,"1,442"
NTD,Point Mugu NAS,"1,242"
SUU,Travis AFB,"1,113"
NKX,Miramar MCAS (Joe Foss Field),971
NZY,North Island NAS (Halsey Field),849
MCC,McClellan Airfield,563
NUQ,Moffett Federal Airfield,491
APC,Napa County,470
SLI,Los Alamitos AAF,225
SDM,Brown Field Municipal,203
SMO,Santa Monica Municipal,175
TRM,Jacqueline Cochran Regional,174
CMA,Camarillo,130
F70,French Valley,115
MHR,Sacramento Mather,115
MYF,Montgomery-Gibbs Exec,99
UDD,Bermuda Dunes,98
DVO,Gnoss Field,94
EDW,Edwards AFB,85
PAO,Palo Alto,74
IZA,Santa Ynez/Kunkle Field,69
PRB,Paso Robles Municipal,57
SAC,Sacramento Exec,54
CXL,Calexico International,48
TVL,Lake Tahoe,47
GOO,Nevada County,44
OXR,Oxnard,44
HWD,Hayward Exec,38
SEE,Gillespie Field,34
LVK,Livermore Municipal,30
HJO,Hanford Municipal,26
VIS,Visalia Municipal,25
LHM,Lincoln Regional/Karl Harder Field,20
TOA,Zamperini Field,19
MPI,Mariposa-Yosemite,18
O22,Columbia,18
A30,Scott Valley,14
CNO,Chino,13
AUN,Auburn Municipal,12
LPC,Lompoc,11
E16,San Martin,10
PTV,Porterville Municipal,10
CN64,Desert Center,9
MHV,Mojave Air & Space Port/Rutan Field,9
MOD,Modesto City-County-Harry Sham Field,9
A26,Adin,8
CIC,Chico Regional,8
EMT,San Gabriel Valley,8
FUL,Fullerton Municipal,8
C83,Byron,6
CCB,Cable,6
FCH,Fresno Chandler Exec,6
MER,Castle,6
O41,Watts-Woodland,6
RBL,Red Bluff Municipal,5
WVI,Watsonville Municipal,5
E45,Pine Mountain Lake,4
LLR,Little River,4
MYV,Yuba County,4
O89,Fall River Mills,4
TNP,Twentynine Palms,4
RIU,Rancho Murieta,3
WJF,General Wm J Fox Airfield,3
DWA,Yolo County,2
L22,Yucca Valley,2
TLR,Mefford Field,2
1O5,Montague-Yreka Rohrer Field,1
HAF,Half Moon Bay,1
O85,Benton Field,1
RNM,Ramona,1
SNS,Salinas Municipal,1
SZP,Santa Paula,1
DEN,Denver International,"37,863,967"
COS,City of Colorado Springs Municipal,"1,192,123"
ASE,Aspen-Pitkin County/Sardy Field,"309,411"
MTJ,Montrose Regional,"244,266"
GJT,Grand Junction Regional,"243,808"
EGE,Eagle County Regional,"226,950"
DRO,Durango-La Plata County,"217,357"
HDN,Yampa Valley,"206,236"
GUC,Gunnison-Crested Butte Regional,"49,588"
ALS,San Luis Valley Regional/Bergman Field,"11,319"
TEX,Telluride Regional,"10,826"
BJC,Rocky Mountain Metro,"37,131"
CEZ,Cortez Municipal,"9,045"
PUB,Pueblo Memorial,"3,359"
FNL,Northern Colorado Regional,"3,112"
APA,Centennial,675
RIL,Rifle Garfield County,583
AKO,Colorado Plains Regional,9
EEO,Meeker Coulter Field,6
HEQ,Holyoke,6
BDU,Boulder Municipal,5
LIC,Limon Municipal,5
GXY,Greeley-Weld County,4
LAA,Southeast Colorado Regional,4
RCV,Astronaut Kent Rominger,3
ITR,Kit Carson County,2
PSO,Stevens Field,2
CFO,Colorado Air and Space Port,1
GNB,Granby-Grand County,1
BDL,Bradley International,"3,122,212"
HVN,Tweed/New Haven,"490,255"
BDR,Bridgeport/Sikorsky,554
OXC,Waterbury-Oxford,238
GON,Groton-New London,116
DXR,Danbury Municipal,102
HFD,Hartford-Brainard,56
4B8,Robertson Field,26
MMK,Meriden Markham Municipal,10
IJD,Windham,9
SNC,Chester,6
4B9,Simsbury,2
ILG,New Castle,"133,377"
DOV,Dover AFB,383
GED,Delaware Coastal,81
EVY,Summit,15
33N,Delaware Airpark,5
MCO,Orlando International,"28,033,205"
MIA,Miami International,"24,717,048"
FLL,Fort Lauderdale/Hollywood International,"17,063,063"
TPA,Tampa International,"11,677,632"
RSW,Southwest Florida International,"4,963,269"
PBI,Palm Beach International,"3,815,977"
JAX,Jacksonville International,"3,619,739"
SRQ,Sarasota/Bradenton International,"2,144,736"
SFB,Orlando Sanford International,"1,446,884"
PNS,Pensacola International,"1,365,976"
PIE,St Pete-Clearwater International,"1,246,323"
VPS,Eglin AFB/Destin-Ft Walton Beach,"1,116,717"
PGD,Punta Gorda,"949,732"
ECP,Northwest Florida Beaches International,"816,642"
EYW,Key West International,"675,343"
TLH,Tallahassee International,"416,501"
MLB,Melbourne Orlando International,"363,844"
DAB,Daytona Beach International,"348,080"
GNV,Gainesville Regional,"273,366"
VRB,Vero Beach Regional,"42,329"
FXE,Fort Lauderdale Exec,"10,625"
NIP,Jacksonville NAS (Towers Field),"8,687"
OPF,Miami-Opa Locka Exec,"7,215"
DTS,Destin Exec,"5,256"
BCT,Boca Raton,"1,389"
PAM,Tyndall AFB,"1,166"
NQX,Key West NAS (Boca Chica Field),878
APF,Naples Municipal,829
HRT,Hurlburt Field,734
SUA,Witham Field,581
ORL,Exec,548
07FA,Ocean Reef Club,403
COF,Patrick Space Force Base,364
TMB,Miami Exec,296
VQQ,Cecil,254
CRG,Jacksonville Exec at Craig,253
LAL,Lakeland Linder International,224
TPF,Peter O Knight,223
SGJ,Northeast Florida Regional,216
F45,North Palm Beach County General Aviation,213
MCF,MacDill AFB,177
HST,Homestead ARB,168
FPR,Treasure Coast International,162
X44,Miami,150
MKY,Marco Island Exec,121
ISM,Kissimmee Gateway,119
FMY,Page Field,108
MTH,The Florida Keys Marathon International,93
OCF,Ocala International-Jim Taylor Field,82
SPG,Albert Whitted,70
VNC,Venice Municipal,70
COI,Merritt Island,63
OBE,Okeechobee County,62
FIN,Flagler Exec,59
FA54,Coral Creek,44
SEF,Sebring Regional,43
LNA,Palm Beach County Park,41
FHB,Fernandina Beach Municipal,39
CGC,Crystal River-Capt Tom Davis Field,31
LEE,Leesburg International,29
VDF,Tampa Exec,25
F47,St George Island,23
CLW,Clearwater Air Park,22
FD38,Wellington Aero Club,22
BOW,Bartow Exec,21
CTY,Cross City,17
AAF,Apalachicola Regional-Cleve Randolph Field,16
1FL,Fort Pierce,15
DED,DeLand Municipal-Sidney H Taylor Field,15
EVB,New Smyrna Beach Municipal,15
X14,La Belle Municipal,15
AVO,Avon Park Exec,14
CHN,Wauchula Municipal,13
TIX,Space Coast Regional,13
CEW,Bob Sikes,12
PMP,Pompano Beach Airpark,12
BKV,Brooksville-Tampa Bay Regional,10
GIF,Winter Haven Regional,10
PCM,Plant City,9
LCQ,Lake City Gateway,7
X39,Tampa North Aero Park,5
IMM,Immokalee Regional,4
HWO,North Perry,2
X01,Everglades Airpark,2
ATL,Hartsfield/Jackson Atlanta International,"50,950,068"
SAV,Savannah/Hilton Head International,"1,909,590"
AGS,Augusta Regional at Bush Field,"280,553"
CSG,Columbus,"65,701"
VLD,Valdosta Regional,"42,160"
BQK,Brunswick Golden Isles,"33,832"
ABY,Southwest Georgia Regional,"30,025"
MCN,Middle Georgia Regional,"15,832"
SVN,Hunter AAF,"9,844"
PDK,Dekalb-Peachtree,"2,216"
AHN,Athens/Ben Epps,"2,023"
SSI,St Simons Island,642
MGE,Dobbins ARB,641
VAD,Moody AFB,571
FTY,Fulton County Exec/Charlie Brown Field,295
LSF,Lawson AAF (Fort Moore),232
DNL,Daniel Field,161
TVI,Thomasville Regional,96
LZU,Gwinnett County/Briscoe Field,76
GVL,Lee Gilmer Memorial,72
VDI,Vidalia Regional,65
CPP,Greene County Regional,61
CCO,Newnan Coweta County,60
GA14,Pinebloom Plantation,47
CNI,Cherokee County Regional,40
RYY,Cobb County International/McCollum Field,37
BGE,Decatur County Industrial Air Park,35
TOC,Toccoa - R G LeTourneau Field,20
CXU,Camilla-Mitchell County,17
MGR,Moultrie Municipal,16
VPC,Cartersville,14
LGC,Lagrange/Callaway,13
HQU,Thomson/McDuffie County,11
PUJ,Paulding Northwest Atlanta,11
AJR,Habersham County,10
DQH,Douglas Municipal,9
SYV,Sylvester,9
DNN,Dalton Municipal,8
CVC,Covington Municipal,7
MLJ,Baldwin County Regional,7
4J2,Berrien County,6
LHW,Wright AAF (Fort Stewart)/Midcoast Regional,6
AYS,Waycross-Ware County,5
CTJ,West Georgia Regional/O V Gray Field,5
MAC,Macon Downtown,5
FZG,Fitzgerald Municipal,4
GE99,Heaven's Landing,4
JZP,Pickens County,4
RMG,Richard B Russell Regional - J H Towers Field,4
TMA,Henry Tift Myers,4
CZL,Tom B David Field,3
HMP,Atlanta Speedway,3
09J,Jekyll Island,2
FFC,Atlanta Regional Falcon Field,2
52A,Madison Municipal,1
9A5,Barwick Lafayette,1
CKF,Crisp County-Cordele,1
CWV,Claxton-Evans County,1
DZJ,Blairsville,1
OPN,Thomaston-Upson County,1
TBR,Statesboro-Bulloch County,1
GUM,Guam International,"860,519"
UAM,Andersen AFB,"8,406"
HNL,Daniel K Inouye International,"10,149,761"
OGG,Kahului,"3,745,866"
KOA,Ellison Onizuka Kona International at Keahole,"2,097,042"
LIH,Lihue,"1,814,359"
ITO,Hilo International,"684,175"
MKK,Molokai,"85,341"
LNY,Lanai,"34,430"
JHM,Kapalua,"3,683"
MUE,Waimea-Kohala,"3,598"
LUP,Kalaupapa,"3,085"
HNM,Hana,"2,085"
NGF,Kaneohe Bay MCAS (Marion E Carl Field),"1,660"
HDH,Kawaihapai Airfield,3
DSM,Des Moines International,"1,519,262"
CID,The Eastern Iowa,"691,094"
SUX,Sioux Gateway/Brig General Bud Day Field,"27,111"
DBQ,Dubuque Regional,"16,482"
ALO,Waterloo Regional,"12,885"
FOD,Fort Dodge Regional,"6,195"
MCW,Mason City Municipal,"5,780"
BRL,Southeast Iowa Regional,"4,076"
IOW,Iowa City Municipal,"2,553"
IKV,Ankeny Regional,324
SPW,Spencer Municipal,20
AMW,Ames Municipal,19
OXV,Knoxville Municipal,5
EST,Estherville Municipal,4
AXA,Algona Municipal,3
SLB,Storm Lake Municipal,3
VTI,Vinton Veterans Memorial Airpark,3
DVN,Davenport Municipal,1
OTM,Ottumwa Regional,1
BOI,Boise Air Trml/Gowen Field,"2,369,164"
IDA,Idaho Falls Regional,"270,140"
SUN,Friedman Memorial,"109,368"
LWS,Lewiston/Nez Perce County,"36,761"
TWF,Joslin Field/Magic Valley Regional,"19,871"
PIH,Pocatello Regional,"17,504"
MUO,Mountain Home AFB,727
COE,Coeur D'Alene/Pappy Boyington Field,103
MYL,McCall Municipal,52
DIJ,Driggs/Reed Memorial,35
SZT,Sandpoint,11
EUL,Caldwell Exec,10
1U7,Bear Lake County,8
66S,Cavanaugh Bay,8
GIC,Idaho County,7
MAN,Nampa Municipal,6
RXE,Rexburg-Madison County,4
ORD,Source: ACAIS,"35,843,104"
MDW,Chicago Midway International,"10,659,520"
PIA,General Downing - Peoria International,"315,482"
MLI,Quad Cities International,"272,481"
BMI,Central Il Regional/Bloomington-Normal,"164,672"
BLV,Scott AFB/Midamerica St Louis,"147,421"
RFD,Chicago/Rockford International,"120,494"
CMI,University of Illinois/Willard,"70,184"
SPI,Abraham Lincoln Capital,"50,513"
DEC,Decatur,"11,216"
MWA,Veterans Airport of Southern Illinois,"10,558"
UIN,Quincy Regional-Baldwin Field,"4,710"
CPS,St Louis Downtown,"4,129"
MDH,Southern Illinois,279
PWK,Chicago Exec,273
MTO,Coles County Memorial,240
GBG,Galesburg Municipal,200
DPA,Dupage,136
UGN,Waukegan Ntl,91
ARR,Aurora Municipal,32
1H2,Effingham County Regional,22
LOT,Lewis University,12
IKK,Greater Kankakee,11
IJX,Jacksonville Municipal,9
1C5,Bolingbrook's Clow International,8
C09,Morris Municipal/James R Washburn Field,4
GRE,Greenville,3
TAZ,Taylorville Municipal,1
IND,Indianapolis International,"4,788,376"
SBN,South Bend International,"411,377"
FWA,Fort Wayne International,"392,876"
EVV,Evansville Regional,"165,186"
GYY,Gary/Chicago International,"4,098"
BMG,Monroe County,"2,617"
LAF,Purdue University,"2,249"
HUF,Terre Haute Regional,381
TYQ,Indianapolis Exec,118
UMP,Indianapolis Metro,70
JVY,Clark Regional,49
MQJ,Indianapolis Regional,42
ASW,Warsaw Municipal,22
BAK,Columbus Municipal,15
C65,Plymouth Municipal,9
MGC,Michigan City Municipal-Phillips Field,9
EKM,Elkhart Municipal,8
AID,Anderson Municipal-Darlington Field,7
MCX,White County,7
HNB,Huntingburg,6
RID,Richmond Municipal,5
EYE,Eagle Creek Airpark,4
PPO,La Porte Municipal,3
FKR,Frankfort Clinton County Regional,2
HFY,Indy South Greenwood,2
IWH,Wabash Municipal,2
05C,Griffith-Merrillville,1
CFJ,Crawfordsville Regional,1
ICT,Wichita Dwight D Eisenhower Ntl,"843,273"
MHK,Manhattan Regional,"51,412"
GCK,Garden City Regional,"27,856"
SLN,Salina Regional,"15,080"
HYS,Hays Regional,"10,038"
LBL,Liberal Mid-America Regional,"8,267"
FOE,Topeka Regional,"7,647"
DDC,Dodge City Regional,"6,432"
OJC,Johnson County Exec,46
AAO,Colonel James Jabara,43
IDP,Independence Municipal,15
LWC,Lawrence Regional,12
HUT,Hutchinson Regional,11
CFV,Coffeyville Municipal,9
MEJ,Meade Municipal,8
K75,Osborne Municipal,6
IXD,New Century Aircenter,5
EMP,Emporia Municipal,3
1K1,Lloyd Stearman Field,2
K87,Hiawatha Municipal,2
ANY,Anthony Municipal,1
CVG,Cincinnati/Northern Kentucky International,"4,287,722"
SDF,Louisville Muhammad Ali International,"2,268,034"
LEX,Blue Grass,"665,667"
PAH,Barkley Regional,"13,057"
OWB,Owensboro/Daviess County Regional,"10,822"
HOP,Campbell AAF (Fort Campbell),"10,478"
BWG,Bowling Green-Warren County Regional,"1,024"
LOU,Bowman Field,207
DVK,Stuart Powell Field,46
EHR,Henderson City-County,30
SME,Lake Cumberland Regional,29
SJS,Big Sandy Regional,26
HVC,Hopkinsville-Christian County,20
LOZ,London/Corbin/Magee,20
27K,Georgetown-Scott County Regional,17
BRY,Samuels Field,9
AAS,Taylor County,5
FFT,Capital City,5
SYM,Morehead-Rowan County Clyde A Thomas Regional,5
BYL,Williamsburg-Whitley County,4
CEY,Kyle-Oakley Field,3
6I2,Lebanon Springfield-George Hoerter Field,2
PBX,Pike County/Hatcher Field,2
RGA,Central Kentucky Regional,2
2I0,Madisonville Regional,1
MSY,Louis Armstrong New Orleans International,"6,309,212"
BTR,Baton Rouge Metro,"377,665"
SHV,Shreveport Regional,"308,925"
LFT,Lafayette Regional/Paul Fournet Field,"229,831"
AEX,Alexandria International,"176,351"
MLU,Monroe Regional,"96,964"
LCH,Lake Charles Regional,"82,425"
BAD,Barksdale AFB,981
CWF,Chennault International,421
NEW,Lakefront,146
NBG,New Orleans NAS Jrb (Alvin Callender Field),137
IYA,Abbeville Chris Crusta Memorial,18
HDC,Hammond Northshore Regional,17
PTN,Harry P Williams Memorial,15
0R7,The Red River,6
F89,Winnsboro Municipal,3
IER,Natchitoches Regional,2
RSN,Ruston Regional,2
3LA4,Little Pecan Island,1
BOS,General Edward Lawrence Logan International,"19,962,678"
ACK,Nantucket Memorial,"137,664"
ORH,Worcester Regional,"104,747"
MVY,Martha's Vineyard,"83,621"
HYA,Cape Cod Gateway,"17,472"
BED,Laurence G Hanscom Field,"16,700"
PVC,Provincetown Municipal,"7,746"
EWB,New Bedford Regional,"1,749"
BAF,Westfield-Barnes Regional,"1,261"
OWD,Norwood Memorial,851
CEF,Westover ARB/Metro,620
CQX,Chatham Municipal,283
BVY,Beverly Regional,248
PYM,Plymouth Municipal,188
PSF,Pittsfield Municipal,93
GHG,Marshfield Municipal - George Harlow Field,73
LWM,Lawrence Municipal,46
GBR,Walter J Koladza,41
AQW,Harriman-And-West,26
0B5,Turners Falls,18
7B2,Northampton,13
1B2,Katama Airpark,12
1B9,Mansfield Municipal,12
FIT,Fitchburg Municipal,12
TAN,Taunton Municipal - King Field,3
BWI,Baltimore/Washington International Thurgood Marshall,"12,849,721"
SBY,Salisbury-Ocean City Wicomico Regional,"52,236"
HGR,Hagerstown Regional/Richard A Henson Field,"32,331"
ADW,Joint Base Andrews,"2,807"
GAI,Montgomery County Airpark,385
NHK,Patuxent River NAS (Trapnell Field),177
MTN,Martin State,167
ESN,Easton/Newnam Field,89
FME,Tipton,55
CGE,Cambridge-Dorchester Regional,50
OXB,Ocean City Municipal,44
DMW,Carroll County Regional/Jack B Poage Field,32
ANP,Lee,23
FDK,Frederick Municipal,18
CGS,College Park,7
MD1,Massey Aerodrome,4
2W5,Maryland,3
CBE,Greater Cumberland Regional,2
W29,Bay Bridge,2
PWM,Portland International Jetport,"1,114,714"
BGR,Bangor International,"357,301"
PQI,Presque Isle International,"19,269"
BHB,Hancock County/Bar Harbor,"10,478"
RKD,Knox County Regional,"7,047"
AUG,Augusta State,"5,354"
57B,Islesboro,106
BXM,Brunswick Exec,56
LEW,Auburn/Lewiston Municipal,50
BST,Belfast Municipal,48
IWI,Wiscasset,46
WVL,Waterville Regional,38
SFM,Sanford Seacoast Regional,34
PNN,Princeton Municipal,22
8B0,Stephen A Bean Municipal,21
IZG,Eastern Slopes Regional,14
B19,Biddeford Municipal,13
CAR,Caribou Municipal,12
FVE,Northern Aroostook Regional,5
MLT,Millinocket Municipal,4
0B1,Bethel Regional,2
EPM,Eastport Municipal,2
DTW,Detroit Metro Wayne County,"15,378,601"
GRR,Gerald R Ford International,"1,899,740"
TVC,Cherry Capital,"347,763"
FNT,Bishop International,"281,903"
LAN,Capital Region International,"115,895"
MBS,MBS International,"93,545"
AZO,Kalamazoo/Battle Creek International,"87,626"
SAW,Marquette/Sawyer Regional,"42,660"
CMX,Houghton County Memorial,"23,355"
PLN,Pellston Regional/Emmet County,"22,264"
CIU,Chippewa County International,"22,166"
IMT,Ford,"17,966"
ESC,Delta County,"15,659"
6Y8,Welke,"13,950"
CVX,Charlevoix Municipal,"13,277"
APN,Alpena County Regional,"8,034"
IWD,Gogebic/Iron County,"7,042"
MBL,Manistee County/Blacker,"6,039"
MKG,Muskegon County,"4,521"
YIP,Willow Run,"3,669"
PTK,Oakland County International,506
DET,Coleman A Young Municipal,133
MTC,Selfridge Angb,43
MGN,Harbor Springs,36
ARB,Ann Arbor Municipal,30
BEH,Southwest Michigan Regional,25
FKS,Frankfort Dow Memorial Field,24
GLR,Gaylord Regional,22
5D5,Woolsey Memorial,21
BIV,West Michigan Regional,21
83D,Mackinac County,18
N98,Boyne City Municipal,14
BFA,Boyne Mountain,13
VLL,Oakland/Troy,12
MOP,Mount Pleasant Municipal,11
PHN,St Clair County International,11
LDM,Mason County,6
MCD,Mackinac Island,6
Z98,Ottawa Exec,6
GOV,Grayling AAF,3
HYX,Saginaw County/H W Browne,3
IRS,Kirsch Municipal,3
ACB,Antrim County,2
ANJ,Sault Ste Marie Municipal/Sanderson Field,2
JYM,Hillsdale Municipal,2
C91,Dowagiac Municipal,1
OZW,Livingston County Spencer J Hardy,1
MSP,Minneapolis-St Paul International/Wold-Chamberlain,"17,019,128"
DLH,Duluth International,"128,109"
RST,Rochester International,"93,490"
BJI,Bemidji Regional,"25,179"
STC,St. Cloud Regional,"19,556"
BRD,Brainerd Lakes Regional,"16,218"
INL,Falls International/Einarson Field,"13,277"
HIB,Range Regional,"11,775"
TVF,Thief River Falls Regional,"8,418"
CHU,Houston County,109
STP,St Paul Downtown Holman Field,71
FCM,Flying Cloud,51
ONA,Winona Municipal/Max Conrad Field,36
ANE,Anoka County/Blaine (Janes Field),22
MKT,Mankato Regional,22
PEX,Paynesville Municipal,22
RGK,Red Wing Regional,6
XVG,Longville Municipal,5
GPZ,Grand Rapids/Itasca County-Gordon Newstrom Field,2
MIC,Crystal,2
ELO,Ely Municipal,1
STL,St Louis Lambert International,"7,307,561"
MCI,Kansas City International,"5,654,068"
SGF,Springfield-Branson Ntl,"632,705"
COU,Columbia Regional,"97,779"
JLN,Joplin Regional,"14,420"
TBN,Waynesville-St Robert Regional Forney Field,"11,853"
CGI,Cape Girardeau Regional,"7,563"
MKC,Charles B Wheeler Downtown,"4,798"
IRK,Kirksville Regional,"4,281"
BBG,Branson,"2,607"
SUS,Spirit of St. Louis,"1,332"
SZL,Whiteman AFB,231
JEF,Jefferson City Memorial,50
HAE,Hannibal Regional,38
AIZ,Lee C Fine Memorial,29
PLK,M Graham Clark Downtown,12
VIH,Rolla Ntl,9
SIK,Sikeston Memorial Municipal,8
LXT,Lee's Summit Municipal,3
DMO,Sedalia Regional,2
K15,Grand Glaize-Osage Beach,2
OZS,Camdenton Memorial-Lake Regional,2
RAW,Warsaw Municipal,1
GSN,Francisco C Ada/Saipan International,"218,374"
TNI,Francisco Manglona Borja/Tinian International,"26,143"
GRO,Benjamin Taisacan Manglona International,"11,136"
JAN,Jackson-Medgar Wiley Evers International,"628,321"
GPT,Gulfport-Biloxi International,"376,980"
GTR,Golden Triangle Regional,"42,509"
MEI,Key Field,"15,513"
TUP,Tupelo Regional,"13,526"
PIB,Hattiesburg/Laurel Regional,"13,002"
GLH,Greenville Mid-Delta,"7,521"
UOX,University-Oxford,133
MBO,Bruce Campbell Field,112
LUL,Hesler/Noble Field,101
HSA,Stennis International,18
JVW,John Bell Williams,15
HEZ,Hardy-Anders Field/Natchez-Adams County,12
GWO,Greenwood-Leflore,11
CKM,Fletcher Field,9
HKS,Hawkins Field,9
HBG,Hattiesburg Bobby L Chain Municipal,5
1R7,Brookhaven-Lincoln County,4
PMU,Panola County,4
BZN,Bozeman Yellowstone International,"1,230,110"
MSO,Missoula Montana,"458,429"
GPI,Glacier Park International,"456,285"
BIL,Billings Logan International,"428,868"
GTF,Great Falls International,"177,290"
HLN,Helena Regional,"88,319"
BTM,Bert Mooney,"16,033"
WYS,Yellowstone,"8,750"
SDY,Sidney-Richland Regional,"8,020"
OLF,L M Clayton,"3,153"
HVR,Havre City-County,"2,964"
GGW,Wokal Field/Glasgow-Valley County,"2,892"
GDV,Dawson Community,"2,177"
HRF,Ravalli County,28
EKS,Ennis Big Sky,20
HWQ,Wheatland County at Harlowton,6
RED,Red Lodge,5
LVM,Mission Field,3
3U3,Bowman Field,2
7S0,Ronan,2
RVF,Ruby Valley Field,2
38S,Deer Lodge-City-County,1
DLN,Dillon,1
LWT,Lewistown Municipal,1
CLT,Charlotte/Douglas International,"25,896,224"
RDU,Raleigh-Durham International,"7,119,040"
AVL,Asheville Regional,"1,125,935"
GSO,Piedmont Triad International,"903,776"
ILM,Wilmington International,"655,912"
FAY,Fayetteville Regional/Grannis Field,"167,572"
OAJ,Albert J Ellis,"133,839"
JQF,Concord-Padgett Regional,"119,072"
EWN,Coastal Carolina Regional,"59,159"
PGV,Pitt-Greenville,"34,824"
NKT,Cherry Point MCAS (Cunningham Field),"12,421"
POB,Pope AAF,"8,733"
HKY,Hickory Regional,935
INT,Smith Reynolds,869
GSB,Seymour Johnson AFB,719
SOP,Moore County,112
1A5,Macon County,41
EQY,Charlotte/Monroe Exec,39
MQI,Dare County Regional,39
MRH,Michael J Smith Field,37
MRN,Foothills Regional,22
SUT,Cape Fear Regional Jetport/Howie Franklin Field,21
7NC2,Pine Island,17
W95,Ocracoke Island,17
MWK,Mount Airy/Surry County,16
BUY,Burlington/Alamance Regional,15
TTA,Raleigh Exec Jetport at Sanford-Lee County,15
OCW,Washington-Warren,13
RWI,Rocky Mount/Wilson Regional,11
GEV,Ashe County,9
NC06,Elk River,8
EDE,Northeastern Regional,6
HBI,Asheboro Regional,6
EXX,Davidson County Exec,5
FFA,First Flight,5
IXA,Halifax/Northampton Regional,4
LHZ,Triangle North Exec,4
24A,Jackson County,3
60J,Odell Williamson Municipal,3
EHO,Shelby-Cleveland County Regional,3
JNX,Johnston Regional,3
43A,Montgomery County,2
ISO,Kinston Regional Jetport at Stallings Field,2
LBT,Lumberton Regional,2
RCZ,Richmond County,2
RHP,Western Carolina Regional,2
SCR,Siler City Municipal,2
SVH,Statesville Regional,2
ZEF,Elkin Municipal,2
FQD,Rutherford County/Marchman Field,1
HSE,Billy Mitchell,1
W03,Wilson Industrial Air Center,1
FAR,Hector International,"522,976"
BIS,Bismarck Municipal,"258,780"
MOT,Minot International,"146,874"
GFK,Grand Forks International,"93,877"
XWA,Williston Basin International,"82,258"
DIK,Dickinson/Theodore Roosevelt Regional,"24,123"
JMS,Jamestown Regional,"10,590"
DVL,Devils Lake Regional,"8,051"
MIB,Minot AFB,417
S25,Watford City Municipal,7
OMA,Eppley Airfield,"2,464,418"
LNK,Lincoln,"131,882"
GRI,Central Nebraska Regional,"65,092"
EAR,Kearney Regional,"14,684"
LBF,North Platte Regional/Lee Bird Field,"14,371"
BFF,Scottsbluff/Western Nebraska Regional/Wm B Heilig Field,"12,052"
AIA,Alliance Municipal,"4,328"
CDR,Chadron Municipal,"2,424"
MCK,McCook Ben Nelson Regional,"2,329"
OFF,Offutt AFB,606
JYR,York Municipal,12
VTN,Miller Field,12
ANW,Ainsworth Regional,10
4V9,Antelope County,7
MLE,Millard,7
FET,Fremont Municipal,3
PMV,Plattsmouth Municipal/Douglas V Duey Field,3
LXN,Jim Kelly Field,2
OFK,Norfolk Regional/Karl Stefan Memorial Field,2
SNY,Sidney Municipal/Lloyd W Carr Field,2
MHT,Manchester Boston Regional,"645,158"
PSM,Portsmouth International at Pease,"57,448"
LEB,Lebanon Municipal,"10,863"
LCI,Laconia Municipal,343
CON,Concord Municipal,53
EEN,Dillant/Hopkins,42
ASH,Boire Field,14
HIE,Mount Washington Regional,12
4MB,Moultonborough,3
EWR,Newark Liberty International,"24,575,320"
ACY,Atlantic City International,"437,812"
TTN,Trenton Mercer,"326,300"
TEB,Teterboro,"14,631"
MMU,Morristown Municipal,"1,360"
WRI,McGuire Field (Joint Base McGuire Dix Lakehurst),"1,212"
BLM,Monmouth Exec,501
CDW,Essex County,122
39N,Princeton,121
SMQ,Somerset,38
19N,Pine Valley,26
31E,Eagles Nest,26
WWD,Cape May County,25
MIV,Millville Municipal,24
MJX,Ocean County,22
N51,Solberg/Hunterdon,21
26N,Ocean City Municipal,13
VAY,South Jersey Regional,11
FWN,Sussex,10
1N7,Blairstown,9
17N,Cross Keys,8
LDJ,Linden,7
3N6,Old Bridge,2
47N,Central Jersey Regional,2
OBI,Woodbine Municipal,2
7N7,Oldmans Township,1
N12,Lakewood,1
N81,Hammonton Municipal,1
ABQ,Albuquerque International Sunport,"2,605,163"
SAF,Santa Fe Regional,"140,257"
ROW,Roswell Air Center,"44,943"
HOB,Lea County Regional,"22,187"
CVN,Clovis Regional,"13,623"
SKX,Taos Regional,"7,033"
SVC,Grant County,"6,973"
CNM,Cavern City Air Terminal,"5,028"
GUP,Gallup Municipal,"2,184"
LRU,Las Cruces International,"1,593"
HMN,Holloman AFB,424
CVS,Cannon AFB,243
FMN,Four Corners Regional,17
DMN,Deming Municipal,5
ATS,Artesia Municipal,3
AEG,Double Eagle II,2
AXX,Angel Fire,2
SRR,Sierra Blanca Regional,2
E98,Mid Valley Airpark,1
RTN,Raton Municipal/Crews Field,1
LAS,Harry Reid International,"27,896,199"
RNO,Reno/Tahoe International,"2,251,825"
BVU,Boulder City Municipal,"49,841"
EKO,Elko Regional,"10,723"
VGT,North Las Vegas,"1,785"
LSV,Nellis AFB,"1,564"
HND,Henderson Exec,614
NFL,Fallon NAS (Van Voorhis Field),347
88NV,Black Rock City,158
MEV,Minden-Tahoe,77
INS,Creech AFB,76
67L,Mesquite,62
RTS,Reno/Stead,33
74P,Calvada Meadows,23
CXP,Carson City,23
A34,Dayton Valley Airpark,12
0L7,Jean,11
05U,Eureka,8
BAM,Battle Mountain,8
L92,Alamo Landing Field,8
WMC,Winnemucca Municipal,6
ELY,Ely/Yelland Field,3
JFK,John F Kennedy International,"30,804,355"
LGA,Laguardia,"16,173,073"
BUF,Buffalo Niagara International,"2,291,995"
SYR,Syracuse Hancock International,"1,412,853"
ALB,Albany International,"1,376,492"
ROC,Frederick Douglass/Greater Rochester International,"1,325,357"
HPN,Westchester County,"1,156,719"
ISP,Long Island MacArthur,"641,423"
SWF,New York Stewart International,"129,610"
ELM,Elmira/Corning Regional,"85,034"
PBG,Plattsburgh International,"72,150"
ITH,Ithaca Tompkins International,"60,848"
IAG,Niagara Falls International,"52,631"
BGM,Greater Binghamton/Edwin A Link Field,"36,647"
ART,Watertown International,"21,524"
FRG,Republic,"10,046"
GTB,Wheeler-Sack AAF,"9,310"
OGS,Ogdensburg International,"5,801"
MSS,Massena International-Richards Field,"4,958"
SLK,Adirondack Regional,"4,944"
FOK,Francis S Gabreski,942
JPX,East Hampton Town,464
MTP,Montauk,276
0B8,Elizabeth Field,239
5B2,Saratoga County,101
LKP,Lake Placid,72
GFL,Floyd Bennett Memorial,71
JHW,Chautauqua County/Jamestown,69
MSV,Sullivan County International,55
SCH,Schenectady County,54
POU,Hudson Valley Regional,48
RME,Griffiss International,46
VGC,Hamilton Municipal,38
1B1,Columbia County,37
PEO,Penn Yan/Yates County,36
44N,Sky Acres,33
PTD,Potsdam Municipal/Damon Field,30
6B9,Skaneateles Aero Drome,22
20N,Kingston-Ulster,19
IUA,Canandaigua,19
N66,Albert S Nader Regional,11
OIC,Lt Warren Eaton,4
NY0,Fulton County,3
OLE,Cattaraugus County-Olean,3
CZG,Tri-Cities,2
FZY,Oswego County,2
MAL,Malone-Dufort,2
CLE,Cleveland-Hopkins International,"4,803,822"
CMH,John Glenn Columbus International,"4,095,189"
DAY,James M Cox Dayton International,"594,188"
CAK,Akron-Canton Regional,"344,002"
LCK,Rickenbacker International,"149,363"
TOL,Eugene F Kranz Toledo Express,"70,346"
LUK,Cincinnati Municipal/Lunken Field,"2,317"
BKL,Burke Lakefront,"1,565"
YNG,Youngstown/Warren Regional,730
FFO,Wright-Patterson AFB,686
CGF,Cuyahoga County,74
MGY,Dayton/Wright Brothers,62
OSU,Ohio State University,49
UNI,Ohio University,29
MFD,Mansfield Lahm Regional,22
LPR,Lorain County Regional,19
AKR,Akron Fulton International,17
FDY,Findlay,16
ILN,Wilmington Air Park,15
HAO,Butler County Regional/Hogan Field,13
PCW,Erie-Ottawa International,10
DLZ,Delaware Municipal/Jim Moore Field,8
1G0,Wood County,7
LNN,Lake County Exec,7
HZY,Northeast Ohio Regional,6
BJJ,Wayne County,5
ZZV,Zanesville Municipal,5
4I3,Knox County,4
I68,Warren County/John Lane Field,3
MNN,Marion Municipal,3
SGH,Springfield/Beckley Municipal,3
VNW,Van Wert County,1
OKC,Okc Will Rogers International,"2,135,106"
TUL,Tulsa International,"1,571,600"
LAW,Lawton-Fort Sill Regional,"45,716"
SWO,Stillwater Regional,"35,358"
TIK,Tinker AFB,217
PWA,Wiley Post,48
OUN,University of Oklahoma Westheimer,37
WDG,Enid Woodring Regional,29
RVS,Tulsa Riverside,28
HSD,Sundance,10
MIO,Miami Regional,8
BVO,Bartlesville Municipal,5
GOK,Guthrie/Edmond Regional,5
ADM,Ardmore Municipal,4
MLC,McAlester Regional,4
DUA,Durant Regional/Eaker Field,3
GCM,Claremore Regional,2
SNL,Shawnee Regional,2
BFK,Buffalo Municipal,1
RKR,Robert S Kerr,1
PDX,Portland International,"8,123,054"
EUG,Mahlon Sweet Field,"841,919"
RDM,Roberts Field,"558,804"
MFR,Rogue Valley International/Medford,"478,121"
OTH,Southwest Oregon Regional,"19,590"
SLE,McNary Field,"6,993"
PDT,Eastern Oregon Regional at Pendleton,"5,544"
CVO,Corvallis Municipal,78
HIO,Portland-Hillsboro,46
LMT,Crater Lake/Klamath Regional,31
MMV,McMinnville Municipal,27
S05,Bandon State,27
BDN,Bend Municipal,25
OG14,Silvies Valley Ranch,15
S21,Sunriver,12
TMK,Tillamook,7
UAO,Aurora State,7
AST,Astoria Regional,6
3S9,Condon State Pauling Field,5
4S1,Gold Beach Municipal,3
7S3,Stark's Twin Oaks Airpark,2
DLS,Columbia Gorge Regional/The Dalles Municipal,2
BKE,Baker City Municipal,1
PHL,Philadelphia International,"13,658,669"
PIT,Pittsburgh International,"4,493,052"
MDT,Harrisburg International,"654,791"
ABE,Lehigh Valley International,"419,604"
AVP,Wilkes-Barre/Scranton International,"174,061"
UNV,State College Regional,"138,860"
LBE,Arnold Palmer Regional,"76,925"
ERI,Erie International/Tom Ridge Field,"47,206"
JST,John Murtha Johnstown/Cambria County,"14,253"
LNS,Lancaster,"6,264"
DUJ,Dubois Regional,"5,568"
BFD,Bradford Regional,"3,897"
AOO,Altoona/Blair County,"3,231"
LOM,Wings Field,576
AGC,Allegheny County,344
PNE,Northeast Philadelphia,219
IPT,Williamsport Regional,181
RDG,Reading Regional/Carl A Spaatz Field,103
OQN,Brandywine Regional,98
MQS,Chester County G O Carlson,79
CXY,Capital City,44
AFJ,Washington County,38
MPO,Pocono Mountains Regional,34
BTP,Pittsburgh/Butler Regional,33
HMZ,Bedford County,22
DYL,Doylestown,19
N94,Carlisle,15
N27,Bradford County,13
9G1,Pittsburgh Northeast,9
AXQ,Clarion County,5
THV,York,5
XLL,Allentown Queen City Municipal,5
N13,Bloomsburg Municipal,4
9D4,Deck,3
CKZ,Pennridge,3
GKJ,Port Meadville,3
SEG,Penn Valley,3
WBW,Wilkes-Barre Wyoming Valley,3
8N8,Danville,2
VVS,Joseph A Hardy Connellsville,2
29D,Grove City,1
PJC,Zelienople Municipal,1
W05,Gettysburg Regional,1
SJU,Luis Munoz Marin International,"5,985,001"
BQN,Rafael Hernandez,"432,822"
PSE,Mercedita,"142,076"
VQS,Antonio Rivera Rodriguez,"28,961"
RVR,Jose Aponte De La Torre,"19,786"
CPX,Benjamin Rivera Noriega,"18,922"
SIG,Fernando Luis Ribas Dominicci,"13,447"
MAZ,Eugenio Maria De Hostos,"8,224"
PVD,Rhode Island Tf Green International,"1,732,909"
BID,Block Island State,"15,194"
WST,Westerly State,"12,328"
UUU,Newport State,754
OQU,Quonset State,157
SFZ,North Central State,11
CHS,Charleston AFB/International,"3,032,768"
MYR,Myrtle Beach International,"1,658,984"
GSP,Greenville Spartanburg International,"1,258,724"
CAE,Columbia Metro,"593,590"
HXD,Hilton Head,"103,964"
FLO,Florence Regional,"22,734"
SSC,Shaw AFB,"1,850"
NBC,Beaufort MCAS (Merritt Field),863
ARW,Beaufort Exec,646
JZI,Charleston Exec,432
GMU,Greenville Downtown,127
AIK,Aiken Regional,113
LRO,Mt Pleasant Regional-Faison Field,86
GGE,Georgetown County,83
CEU,Oconee County Regional,80
UZA,Rock Hill/York County/Bryant Field,71
RBW,Lowcountry Regional,67
3J1,Ridgeland-Claude Dean,45
CRE,Grand Strand,36
SMS,Sumter,29
SPA,Spartanburg Downtown Memorial/Simpson Field,18
CUB,Jim Hamilton L B Owens,15
LQK,Pickens County,14
OGB,Orangeburg Municipal,12
GRD,Greenwood County,5
LUX,Laurens County,5
HYW,Conway-Horry County,4
MKS,Berkeley County,3
CDN,Woodward Field,2
CKI,Williamsburg Regional,2
DYB,Summerville,2
FDW,Fairfield County,2
LKR,Lancaster County-Mc Whirter Field,2
FSD,Joe Foss Field,"655,505"
RAP,Rapid City Regional,"345,532"
ABR,Aberdeen Regional,"22,112"
PIR,Pierre Regional,"15,885"
ATY,Watertown Regional,"15,532"
RCA,Ellsworth AFB,"1,210"
MHE,Mitchell Municipal,38
0D8,Gettysburg Municipal,10
9V9,Chamberlain Municipal,6
BKX,Brookings Regional,2
ICR,Winner Regional,2
SPF,Black Hills-Clyde Ice Field,1
BNA,Nashville International,"11,227,243"
MEM,Memphis International,"2,399,876"
TYS,McGhee Tyson,"1,382,197"
CHA,Lovell Field,"488,024"
TRI,Tri-Cities,"220,977"
MKL,McKellar-Sipes Regional,"3,264"
MQY,Smyrna,"1,364"
JWN,John C Tune,533
GKT,Gatlinburg-Pigeon Forge,42
0A9,Elizabethton Municipal,41
1M5,Douglas Hunter Field,36
SRB,Upper Cumberland Regional,36
M91,Springfield Robertson County,31
BGF,Winchester Municipal,30
DKX,Knoxville Downtown Island,12
XNX,Music City Exec,9
CKV,Outlaw Field,8
UCY,Everett-Stewart Regional,8
6A4,Johnson County,6
DYR,Dyersburg Regional,6
THA,Tullahoma Regional/Wm Northern Field,6
CSV,Crossville Memorial-Whitson Field,5
M08,William L Whitehurst Field,5
0M4,Benton County,4
FYE,Fayette County,4
GCY,Greeneville Municipal,4
MRC,Maury County Regional,4
LUG,Ellington,2
M02,Dickson Municipal,1
M54,Lebanon Municipal,1
DFW,Dallas-Fort Worth International,"39,246,212"
IAH,George Bush Intcntl/Houston,"22,228,844"
AUS,Austin-Bergstrom International,"10,833,443"
DAL,Dallas Love Field,"8,559,052"
HOU,William P Hobby,"6,800,320"
SAT,San Antonio International,"5,336,684"
ELP,El Paso International,"2,018,137"
MAF,Midland International Air And Space Port,"684,419"
LBB,Lubbock Preston Smith International,"543,363"
HRL,Valley International,"536,510"
MFE,McAllen International,"513,770"
AMA,Rick Husband Amarillo International,"397,983"
CRP,Corpus Christi International,"352,224"
BRO,Brownsville/South Padre Island International,"176,056"
LRD,Laredo International,"151,114"
GRK,Robert Gray AAF,"113,701"
ABI,Abilene Regional,"79,831"
CLL,Easterwood Field,"60,072"
ACT,Waco Regional,"51,867"
SJT,San Angelo Regional/Mathis Field,"51,865"
TYR,Tyler Pounds Regional,"50,155"
GGG,East Texas Regional,"32,613"
BPT,Jack Brooks Regional,"32,150"
SPS,Sheppard AFB/Wichita Falls Municipal,"25,075"
VCT,Victoria Regional,"11,293"
BIF,Biggs AAF (Fort Bliss),"22,832"
DRT,Del Rio International,"5,320"
AFW,Perot Field/Fort Worth Alliance,"3,020"
FTW,Fort Worth Meacham International,"1,812"
SKF,Kelly Field,757
DYS,Dyess AFB,411
AQO,Llano Municipal,315
SGR,Sugar Land Regional,184
EFD,Ellington,157
ADS,Addison,127
BKS,Brooks County,68
IWS,West Houston,68
BAZ,New Braunfels Ntl,64
GKY,Arlington Municipal,58
CXO,Conroe/North Houston Regional,55
TKI,McKinney Ntl,44
ALI,Alice International,34
ERV,Kerrville Municipal/Louis Schreiner Field,31
MDD,Midland Airpark,29
UVA,Garner Field,28
DWH,David Wayne Hooks Memorial,24
EDC,Austin Exec,23
DTO,Denton Enterprise,22
FWS,Fort Worth Spinks,21
T20,Roger M Dreyer Memorial,19
TME,Houston Exec,19
5F1,Post-Garza County Municipal,17
F44,Athens Municipal,17
GTU,Georgetown Exec,17
MRF,Marfa Municipal,15
MWL,Mineral Wells Regional,14
97TX,San Pedro Ranch,13
HPY,Baytown,11
F17,Center Municipal,10
DHT,Dalhart Municipal,8
TPL,Draughon-Miller Central Texas Regional,8
GLS,Scholes International at Galveston,6
HQZ,Mesquite Metro,5
T05,Charles R Johnson,5
T82,Gillespie County,5
BKD,Stephens County,4
BWD,Brownwood Regional,4
F49,City of Slaton/Larry T Neal Memorial,4
GYI,North Texas Regional/Perrin Field,4
ODO,Odessa-Schlemeyer Field,4
CZT,Dimmit County,3
LVJ,Pearland Regional,3
RBD,Dallas Exec,3
81R,San Saba County Municipal,2
BBD,Curtis Field,2
E38,Alpine-Casparis Municipal,2
GDJ,Granbury Regional,2
HBV,Jim Hogg County,2
ILE,Skylark Field,2
JWY,Mid-Way Regional,2
RPH,Graham Municipal,2
TDW,Tradewind,2
3R9,Lakeway Airpark,1
49R,Real County,1
BGD,Hutchinson County,1
GVT,Majors,1
T89,Lajitas International,1
TRL,Terrell Municipal,1
SLC,Salt Lake City International,"12,905,368"
PVU,Provo Municipal,"415,197"
SGU,St George Regional,"136,411"
CNY,Canyonlands Regional,"19,310"
VEL,Vernal Regional,"13,952"
CDC,Cedar City Regional,"11,768"
LGU,Logan-Cache,"1,778"
HIF,Hill AFB,"1,129"
HCR,Heber Valley,553
KNB,Kanab Municipal,539
UT25,Monument Valley,444
OGD,Ogden-Hinckley,215
SPK,Spanish Fork Municipal/Woodhouse Field,60
U42,South Valley Regional,15
BCE,Bryce Canyon,10
1L8,General Dick Stout Field,6
MLF,Milford Municipal/Ben and Judy Briscoe Field,6
BMC,Brigham City Regional,5
U55,Panguitch Municipal,3
ENV,Wendover,2
DCA,Ronald Reagan Washington Ntl,"12,365,030"
IAD,Washington Dulles International,"12,073,571"
RIC,Richmond International,"2,399,239"
ORF,Norfolk International,"2,307,899"
ROA,Roanoke/Blacksburg Regional (Woodrum Field),"345,561"
CHO,Charlottesville-Albemarle,"308,485"
LYH,Lynchburg Regional/Preston Glenn Field,"74,730"
PHF,Newport News/Williamsburg International,"69,541"
NGU,Norfolk NS (Chambers Field),"17,434"
SHD,Shenandoah Valley Regional,"7,990"
LFI,Langley AFB,824
HEF,Manassas Regional/Harry P Davis Field,181
JYO,Leesburg Exec,111
FCI,Richmond Exec/Chesterfield County,49
JGG,Williamsburg/Jamestown,49
VJI,Virginia Highlands,34
OKV,Winchester Regional,28
FYJ,Middle Peninsula Regional,26
AVC,Mecklenburg-Brunswick Regional,20
RMN,Stafford Regional,19
PVG,Hampton Roads Exec,18
DAN,Danville Regional,16
NTU,Oceana NAS (Apollo Soucek Field),16
OMH,Orange County,14
BCB,Virginia Tech/Montgomery Exec,13
CJR,Culpeper Regional,13
W75,Hummel Field,12
MFV,Accomack County,11
MTV,Blue Ridge,11
OFP,Hanover County Municipal,11
LKU,Louisa County/Freeman Field,9
W94,Camp Peary Landing Strip,9
PTB,Tri Cities Exec/Dinwiddie County,7
FRR,Front Royal-Warren County,6
FVX,Farmville Regional,4
PSK,New River Valley,4
HWY,Warrenton/Fauquier,3
CPK,Chesapeake Regional,2
HSP,Ingalls Field,2
STT,Cyril E King,"705,196"
STX,Henry E Rohlsen,"235,392"
VI22,Charlotte Amalie Harbor,"19,339"
VI32,Christiansted Harbor-SSB,"19,339"
BTV,Patrick Leahy Burlington International,"649,557"
RUT,Rutland/Southern Vermont Regional,"5,228"
MVL,Morrisville-Stowe State,47
MPV,Edward F Knapp State,34
DDH,William H Morse State,32
VSF,Hartness State (Springfield),10
EFK,Northeast Kingdom International,9
6B0,Middlebury State,5
SEA,Seattle-Tacoma International,"24,594,210"
GEG,Spokane International,"2,002,286"
PSC,Tri-Cities,"438,076"
BLI,Bellingham International,"311,234"
PAE,Seattle Paine Field International,"306,499"
PUW,Pullman/Moscow Regional,"63,835"
EAT,Pangborn Memorial,"27,655"
BFI,Boeing Field/King County International,"27,446"
ALW,Walla Walla Regional,"26,465"
YKM,Yakima Air Trml/McAllister Field,"24,044"
FHR,Friday Harbor,"12,709"
S60,Kenmore Air Harbor,"8,766"
ORS,Orcas Island,"8,089"
TCM,McChord Field (Joint Base Lewis-McChord),"5,098"
W39,Roche Harbor,"4,132"
W33,Friday Harbor,"4,080"
RNT,Renton Municipal,"1,855"
W49,Rosario,"1,721"
SKA,Fairchild AFB,"1,382"
S31,Lopez Island,786
WA83,Westsound/Wsx,722
NUW,Whidbey Island NAS (Ault Field),714
MWH,Grant County International,404
CLM,William R Fairchild International,321
0S9,Jefferson County International,48
W28,Sequim Valley,47
TIW,Tacoma Narrows,46
74S,Anacortes,37
OLM,Olympia Regional,32
SHN,Sanderson Field,32
38WA,Blakely Island,29
VUO,Pearson Field,28
BVS,Skagit Regional,23
WA09,Roche Harbor,20
SFF,Felts Field,16
83Q,Port of Poulsbo Marina Moorage,10
DEW,Deer Park,8
S52,Methow Valley State,8
PWT,Bremerton Ntl,7
S43,Harvey Field,6
WA18,Decatur /Jones/,6
S10,Lake Chelan,4
AWO,Arlington Municipal,3
S18,Forks,3
OKH,Delaurentis,2
11S,Sekiu,1
OMK,Omak,1
MKE,General Mitchell International,"2,959,840"
MSN,Dane County Regional/Truax Field,"1,037,983"
ATW,Appleton International,"474,885"
GRB,Green Bay/Austin Straubel International,"330,492"
CWA,Central Wisconsin,"84,775"
LSE,La Crosse Regional,"43,681"
EAU,Chippewa Valley Regional,"25,856"
RHI,Rhinelander/Oneida County,"20,991"
VOK,Volk Field,"1,048"
SBM,Sheboygan County Memorial International,55
UES,Waukesha County,48
ENW,Kenosha Regional,28
ARV,Lakeland/Noble F Lee Memorial Field,27
3CU,Cable Union,20
ISW,Alexander Field South Wood County,16
FLD,Fond du Lac County,15
HYR,Sawyer County,13
UNU,Dodge County,10
OSH,Wittman Regional,8
JVL,Southern Wisconsin Regional,7
C02,Grand Geneva Resort,5
EFT,Monroe Municipal,5
AUW,Wausau Downtown,3
RAC,Batten International,3
SUE,Door County Cherryland,3
C29,Middleton Municipal/Morey Field,2
MFI,Marshfield Municipal,2
SUW,Richard I Bong,2
ASX,John F Kennedy Memorial,1
BUU,Burlington Municipal,1
ETB,West Bend Municipal,1
MWC,Lawrence J Timmerman,1
AWK,Wake Island Airfield,776
CRW,West Virginia International Yeager,"194,898"
HTS,Tri-State/Milton J Ferguson Field,"88,888"
CKB,North Central West Virginia,"42,736"
LWB,Greenbrier Valley,"8,328"
MGW,Morgantown Municipal/Walter L Bill Hart Field,"6,842"
BKW,Raleigh County Memorial,"4,882"
PKB,Mid-Ohio Valley Regional,"4,391"
HLG,Wheeling Ohio County,10
EKN,Elkins/Randolph County (Jennings Randolph Field),3
MRB,Eastern WV Regional/Shepherd Field,3
JAC,Jackson Hole,"494,863"
CPR,Casper/Natrona County International,"87,181"
COD,Yellowstone Regional,"34,711"
GCC,Northeast Wyoming Regional,"26,784"
SHR,Sheridan County,"26,641"
LAR,Laramie Regional,"18,094"
RKS,Southwest Wyoming Regional,"16,158"
RIW,Central Wyoming Regional,"15,350"
CYS,Cheyenne Regional/Jerry Olson Field,"13,132"
SAA,Shively Field,36
W43,Hulett Municipal,6
WY11,A Bar A Ranch,6
PNA,Ralph Wenz Field,4
HSG,Hot Springs County,1
POY,Powell Municipal,1
RWL,Rawlins Municipal/Harvey Field,1
